source_url,match_slug
https://www.oddschecker.com/br/futebol/internacional/copa-do-mundo-fifa/qatar-v-switzerland,qatar-v-switzerland
https://www.oddschecker.com/br/futebol/internacional/copa-do-mundo-fifa/brazil-v-morocco,brazil-v-morocco
https://www.oddschecker.com/br/futebol/internacional/copa-do-mundo-fifa/haiti-v-scotland,haiti-v-scotland
https://www.oddschecker.com/br/futebol/internacional/copa-do-mundo-fifa/australia-v-turkey,australia-v-turkey
https://www.oddschecker.com/br/futebol/internacional/copa-do-mundo-fifa/germany-v-curacao,germany-v-curacao
https://www.oddschecker.com/br/futebol/internacional/copa-do-mundo-fifa/netherlands-v-japan,netherlands-v-japan
https://www.oddschecker.com/br/futebol/internacional/copa-do-mundo-fifa/ivory-coast-v-ecuador,ivory-coast-v-ecuador
https://www.oddschecker.com/br/futebol/internacional/copa-do-mundo-fifa/sweden-v-tunisia,sweden-v-tunisia
https://www.oddschecker.com/br/futebol/internacional/copa-do-mundo-fifa/spain-v-cape-verde,spain-v-cape-verde
https://www.oddschecker.com/br/futebol/internacional/copa-do-mundo-fifa/belgium-v-egypt,belgium-v-egypt
https://www.oddschecker.com/br/futebol/internacional/copa-do-mundo-fifa/saudi-arabia-v-uruguay,saudi-arabia-v-uruguay
https://www.oddschecker.com/br/futebol/internacional/copa-do-mundo-fifa/iran-v-new-zealand,iran-v-new-zealand
https://www.oddschecker.com/br/futebol/internacional/copa-do-mundo-fifa/france-v-senegal,france-v-senegal
https://www.oddschecker.com/br/futebol/internacional/copa-do-mundo-fifa/iraq-v-norway,iraq-v-norway
https://www.oddschecker.com/br/futebol/internacional/copa-do-mundo-fifa/argentina-v-algeria,argentina-v-algeria
https://www.oddschecker.com/br/futebol/internacional/copa-do-mundo-fifa/austria-v-jordan,austria-v-jordan
https://www.oddschecker.com/br/futebol/internacional/copa-do-mundo-fifa/portugal-v-dr-congo,portugal-v-dr-congo
https://www.oddschecker.com/br/futebol/internacional/copa-do-mundo-fifa/england-v-croatia,england-v-croatia
https://www.oddschecker.com/br/futebol/internacional/copa-do-mundo-fifa/ghana-v-panama,ghana-v-panama
https://www.oddschecker.com/br/futebol/internacional/copa-do-mundo-fifa/uzbekistan-v-colombia,uzbekistan-v-colombia
https://www.oddschecker.com/br/futebol/internacional/copa-do-mundo-fifa/czech-republic-v-south-africa,czech-republic-v-south-africa
https://www.oddschecker.com/br/futebol/internacional/copa-do-mundo-fifa/switzerland-v-bosnia-and-herzegovina,switzerland-v-bosnia-and-herzegovina
https://www.oddschecker.com/br/futebol/internacional/copa-do-mundo-fifa/canada-v-qatar,canada-v-qatar
https://www.oddschecker.com/br/futebol/internacional/copa-do-mundo-fifa/mexico-v-south-korea,mexico-v-south-korea
https://www.oddschecker.com/br/futebol/internacional/copa-do-mundo-fifa/usa-v-australia,usa-v-australia
https://www.oddschecker.com/br/futebol/internacional/copa-do-mundo-fifa/scotland-v-morocco,scotland-v-morocco
https://www.oddschecker.com/br/futebol/internacional/copa-do-mundo-fifa/brazil-v-haiti,brazil-v-haiti
https://www.oddschecker.com/br/futebol/internacional/copa-do-mundo-fifa/turkey-v-paraguay,turkey-v-paraguay
https://www.oddschecker.com/br/futebol/internacional/copa-do-mundo-fifa/netherlands-v-sweden,netherlands-v-sweden
https://www.oddschecker.com/br/futebol/internacional/copa-do-mundo-fifa/germany-v-ivory-coast,germany-v-ivory-coast
https://www.oddschecker.com/br/futebol/internacional/copa-do-mundo-fifa/ecuador-v-curacao,ecuador-v-curacao
https://www.oddschecker.com/br/futebol/internacional/copa-do-mundo-fifa/tunisia-v-japan,tunisia-v-japan
https://www.oddschecker.com/br/futebol/internacional/copa-do-mundo-fifa/spain-v-saudi-arabia,spain-v-saudi-arabia
https://www.oddschecker.com/br/futebol/internacional/copa-do-mundo-fifa/belgium-v-iran,belgium-v-iran
https://www.oddschecker.com/br/futebol/internacional/copa-do-mundo-fifa/uruguay-v-cape-verde,uruguay-v-cape-verde
https://www.oddschecker.com/br/futebol/internacional/copa-do-mundo-fifa/new-zealand-v-egypt,new-zealand-v-egypt
https://www.oddschecker.com/br/futebol/internacional/copa-do-mundo-fifa/argentina-v-austria,argentina-v-austria
https://www.oddschecker.com/br/futebol/internacional/copa-do-mundo-fifa/france-v-iraq,france-v-iraq
https://www.oddschecker.com/br/futebol/internacional/copa-do-mundo-fifa/norway-v-senegal,norway-v-senegal
https://www.oddschecker.com/br/futebol/internacional/copa-do-mundo-fifa/jordan-v-algeria,jordan-v-algeria
https://www.oddschecker.com/br/futebol/internacional/copa-do-mundo-fifa/portugal-v-uzbekistan,portugal-v-uzbekistan
https://www.oddschecker.com/br/futebol/internacional/copa-do-mundo-fifa/england-v-ghana,england-v-ghana
https://www.oddschecker.com/br/futebol/internacional/copa-do-mundo-fifa/panama-v-croatia,panama-v-croatia
https://www.oddschecker.com/br/futebol/internacional/copa-do-mundo-fifa/colombia-v-dr-congo,colombia-v-dr-congo
https://www.oddschecker.com/br/futebol/internacional/copa-do-mundo-fifa/bosnia-and-herzegovina-v-qatar,bosnia-and-herzegovina-v-qatar
https://www.oddschecker.com/br/futebol/internacional/copa-do-mundo-fifa/switzerland-v-canada,switzerland-v-canada
https://www.oddschecker.com/br/futebol/internacional/copa-do-mundo-fifa/morocco-v-haiti,morocco-v-haiti
https://www.oddschecker.com/br/futebol/internacional/copa-do-mundo-fifa/scotland-v-brazil,scotland-v-brazil
https://www.oddschecker.com/br/futebol/internacional/copa-do-mundo-fifa/czech-republic-v-mexico,czech-republic-v-mexico
https://www.oddschecker.com/br/futebol/internacional/copa-do-mundo-fifa/south-africa-v-south-korea,south-africa-v-south-korea
https://www.oddschecker.com/br/futebol/internacional/copa-do-mundo-fifa/curacao-v-ivory-coast,curacao-v-ivory-coast
https://www.oddschecker.com/br/futebol/internacional/copa-do-mundo-fifa/ecuador-v-germany,ecuador-v-germany
https://www.oddschecker.com/br/futebol/internacional/copa-do-mundo-fifa/tunisia-v-netherlands,tunisia-v-netherlands
https://www.oddschecker.com/br/futebol/internacional/copa-do-mundo-fifa/japan-v-sweden,japan-v-sweden
https://www.oddschecker.com/br/futebol/internacional/copa-do-mundo-fifa/turkey-v-usa,turkey-v-usa
https://www.oddschecker.com/br/futebol/internacional/copa-do-mundo-fifa/paraguay-v-australia,paraguay-v-australia
https://www.oddschecker.com/br/futebol/internacional/copa-do-mundo-fifa/norway-v-france,norway-v-france
https://www.oddschecker.com/br/futebol/internacional/copa-do-mundo-fifa/senegal-v-iraq,senegal-v-iraq
https://www.oddschecker.com/br/futebol/internacional/copa-do-mundo-fifa/uruguay-v-spain,uruguay-v-spain
https://www.oddschecker.com/br/futebol/internacional/copa-do-mundo-fifa/cape-verde-v-saudi-arabia,cape-verde-v-saudi-arabia
https://www.oddschecker.com/br/futebol/internacional/copa-do-mundo-fifa/new-zealand-v-belgium,new-zealand-v-belgium
https://www.oddschecker.com/br/futebol/internacional/copa-do-mundo-fifa/egypt-v-iran,egypt-v-iran
https://www.oddschecker.com/br/futebol/internacional/copa-do-mundo-fifa/croatia-v-ghana,croatia-v-ghana
https://www.oddschecker.com/br/futebol/internacional/copa-do-mundo-fifa/panama-v-england,panama-v-england
https://www.oddschecker.com/br/futebol/internacional/copa-do-mundo-fifa/dr-congo-v-uzbekistan,dr-congo-v-uzbekistan
https://www.oddschecker.com/br/futebol/internacional/copa-do-mundo-fifa/colombia-v-portugal,colombia-v-portugal
https://www.oddschecker.com/br/futebol/internacional/copa-do-mundo-fifa/jordan-v-argentina,jordan-v-argentina
https://www.oddschecker.com/br/futebol/internacional/copa-do-mundo-fifa/algeria-v-austria,algeria-v-austria
